Branche. alder eller arbejdstilknytning;Antal i kategorien;Variabel;10 2020;11 2020;12 2020;13 2020;14 2020;15 2020;16 2020;17 2020;18 2020;19 2020;20 2020;21 2020;22 2020;23 2020;24 2020;25 2020;26 2020;27 2020;28 2020;29 2020;30 2020;31 2020;32 2020;33 2020;34 2020;35 2020;36 2020;37 2020;38 2020;39 2020;40 2020;41 2020;42 2020;43 2020;44 2020;45 2020;46 2020;47 2020;48 2020;49 2020;50 2020;51 2020;52 2020;53 2020;1 2021;2 2021;3 2021;4 2021;5 2021;6 2021;7 2021;8 2021;9 2021;10 2021;11 2021;12 2021;13 2021;14 2021;15 2021;16 2021;17 2021;18 2021;19 2021;20 2021;21 2021;22 2021;23 2021;24 2021;25 2021;26 2021;27 2021;28 2021;29 2021;30 2021;31 2021;32 2021;33 2021;34 2021;35 2021;36 2021;37 2021;38 2021;39 2021;40 2021;41 2021;42 2021;43 2021;44 2021;45 2021;46 2021;47 2021;48 2021
A Landbrug. skovbrug og fiskeri;42969;Tests;;19;19;21;49;77;71;179;264;217;212;270;259;223;298;369;399;404;369;432;417;575;775;920;1026;1164;1165;1678;1702;1730;1490;1580;1335;1877;2187;2019;2371;3128;2158;1981;2199;3059;2358;2400;2430;2320;2958;2858;2965;2689;3162;3419;4150;4354;4544;4157;4419;4882;5051;5072;4974;5352;5589;5347;5027;4573;3928;3231;2762;2792;2896;2699;2259;2083;1856;1700;1846;1706;1442;1265;1108;968;1008;1074;1513;1797;2533;3463;4400;4571;4988;5130
A Landbrug. skovbrug og fiskeri;42969;Smittede;;2;0;0;2;2;0;2;2;2;2;0;0;0;0;2;2;0;0;0;0;2;5;2;2;5;8;21;12;25;35;42;43;80;80;55;114;160;57;36;80;78;84;64;42;33;19;7;11;7;9;21;14;15;21;17;48;25;34;25;33;39;47;32;40;15;18;9;8;7;17;29;19;25;10;28;19;18;9;14;10;25;23;27;31;40;47;71;109;144;123;140
A Landbrug. skovbrug og fiskeri;42969;Positivpct;;-;0;0;-;-;0;-;-;-;-;0;0;0;0;-;-;0;0;0;0;-;0.65;-;-;0.43;0.69;1.25;0.71;1.45;2.35;2.66;3.22;4.26;3.66;2.72;4.81;5.12;2.64;1.82;3.64;2.55;3.56;2.67;1.73;1.42;0.64;0.24;0.37;0.26;0.28;0.61;0.34;0.34;0.46;0.41;1.09;0.51;0.67;0.49;0.66;0.73;0.84;0.6;0.8;0.33;0.46;0.28;0.29;0.25;0.59;1.07;0.84;1.2;0.54;1.65;1.03;1.06;0.62;1.11;0.9;2.58;2.28;2.51;2.05;2.23;1.86;2.05;2.48;3.15;2.47;2.73
A Landbrug. skovbrug og fiskeri;42969;Incidens;;-;0;0;-;-;0;-;-;-;-;0;0;0;0;-;-;0;0;0;0;-;11.64;-;-;11.64;18.62;48.87;27.93;58.18;81.45;97.74;100.07;186.18;186.18;128;265.31;372.36;132.65;83.78;186.18;181.53;195.49;148.94;97.74;76.8;44.22;16.29;25.6;16.29;20.95;48.87;32.58;34.91;48.87;39.56;111.71;58.18;79.13;58.18;76.8;90.76;109.38;74.47;93.09;34.91;41.89;20.95;18.62;16.29;39.56;67.49;44.22;58.18;23.27;65.16;44.22;41.89;20.95;32.58;23.27;58.18;53.53;62.84;72.15;93.09;109.38;165.24;253.67;335.13;286.25;325.82
B Råstofindvinding;3868;Tests;2;5;;;8;12;17;24;51;52;35;66;49;93;109;151;179;204;203;217;204;248;227;249;287;277;299;319;379;353;305;281;262;279;322;326;334;370;406;384;442;471;444;453;406;461;668;715;678;668;757;780;902;883;950;995;985;1260;1273;1344;1299;1388;1378;1271;1236;1057;862;686;665;654;624;541;454;424;453;363;420;410;303;235;426;402;362;302;314;342;499;592;745;777;877;935
B Råstofindvinding;3868;Smittede;0;2;;;0;0;0;0;0;0;0;2;0;0;0;0;0;0;0;2;0;0;0;0;2;2;2;2;8;2;0;2;2;2;0;2;2;6;6;2;13;6;8;6;2;2;2;2;2;2;2;2;2;0;2;5;2;7;2;2;7;5;2;2;9;6;0;2;2;2;2;2;2;2;2;2;2;2;2;2;11;2;2;6;2;2;2;2;11;14;14;17
B Råstofindvinding;3868;Positivpct;0;-;;;0;0;0;0;0;0;0;-;0;0;0;0;0;0;0;-;0;0;0;0;-;-;-;-;2.11;-;0;-;-;-;0;-;-;1.62;1.48;-;2.94;1.27;1.8;1.32;-;-;-;-;-;-;-;-;-;0;-;0.5;-;0.56;-;-;0.54;0.36;-;-;0.73;0.57;0;-;-;-;-;-;-;-;-;-;-;-;-;-;2.58;-;-;1.99;-;-;-;-;1.48;1.8;1.6;1.82
B Råstofindvinding;3868;Incidens;0;-;;;0;0;0;0;0;0;0;-;0;0;0;0;0;0;0;-;0;0;0;0;-;-;-;-;206.83;-;0;-;-;-;0;-;-;155.12;155.12;-;336.09;155.12;206.83;155.12;-;-;-;-;-;-;-;-;-;0;-;129.27;-;180.97;-;-;180.97;129.27;-;-;232.68;155.12;0;-;-;-;-;-;-;-;-;-;-;-;-;-;284.38;-;-;155.12;-;-;-;-;284.38;361.94;361.94;439.5
C Industri;308499;Tests;59;162;127;189;727;823;898;2331;2968;2437;2794;3145;3520;3007;4047;4905;4935;4657;4485;4936;5374;8136;10054;13358;14128;12626;14096;17391;16864;15607;14317;15207;13528;17676;21026;20832;23475;23477;23135;23694;27607;37980;28357;29655;30526;38039;57219;58737;59478;59377;63625;67007;73876;70597;73645;75352;72306;82829;84762;89071;87604;94665;95769;91036;82808;73890;59684;46648;39439;40977;42623;40233;31014;28060;26698;24412;26199;27065;20971;17593;14438;13287;13026;13820;17860;25290;34357;44242;56619;62691;69390;69148
C Industri;308499;Smittede;9;47;10;23;49;52;30;36;34;14;11;12;7;11;18;18;9;2;8;10;10;103;86;38;18;26;53;98;106;139;152;284;285;342;447;404;396;413;457;547;865;970;720;705;483;292;259;155;136;139;153;176;182;174;253;272;215;237;250;378;359;364;384;359;383;263;159;77;67;127;213;253;194;279;280;262;220;199;111;81;66;96;98;185;186;346;521;590;891;1178;1264;1456
C Industri;308499;Positivpct;15.25;29.01;7.87;12.17;6.74;6.32;3.34;1.54;1.15;0.57;0.39;0.38;0.2;0.37;0.44;0.37;0.18;-;0.18;0.2;0.19;1.27;0.86;0.28;0.13;0.21;0.38;0.56;0.63;0.89;1.06;1.87;2.11;1.93;2.13;1.94;1.69;1.76;1.98;2.31;3.13;2.55;2.54;2.38;1.58;0.77;0.45;0.26;0.23;0.23;0.24;0.26;0.25;0.25;0.34;0.36;0.3;0.29;0.29;0.42;0.41;0.38;0.4;0.39;0.46;0.36;0.27;0.17;0.17;0.31;0.5;0.63;0.63;0.99;1.05;1.07;0.84;0.74;0.53;0.46;0.46;0.72;0.75;1.34;1.04;1.37;1.52;1.33;1.57;1.88;1.82;2.11
C Industri;308499;Incidens;2.92;15.24;3.24;7.46;15.88;16.86;9.72;11.67;11.02;4.54;3.57;3.89;2.27;3.57;5.83;5.83;2.92;-;2.59;3.24;3.24;33.39;27.88;12.32;5.83;8.43;17.18;31.77;34.36;45.06;49.27;92.06;92.38;110.86;144.9;130.96;128.36;133.87;148.14;177.31;280.39;314.43;233.39;228.53;156.56;94.65;83.95;50.24;44.08;45.06;49.59;57.05;59;56.4;82.01;88.17;69.69;76.82;81.04;122.53;116.37;117.99;124.47;116.37;124.15;85.25;51.54;24.96;21.72;41.17;69.04;82.01;62.89;90.44;90.76;84.93;71.31;64.51;35.98;26.26;21.39;31.12;31.77;59.97;60.29;112.16;168.88;191.25;288.82;381.85;409.73;471.96
D Energiforsyning;11025;Tests;2;21;2;9;34;29;40;96;129;110;119;132;154;131;165;202;219;224;202;191;247;337;362;451;518;548;442;682;594;711;546;542;469;658;777;831;740;921;994;941;1352;1712;1282;1088;1026;1074;1659;1777;1867;1912;2128;2524;3041;3127;3219;3231;3059;3722;3957;4353;4119;4447;4465;4208;4015;3504;3014;2228;2006;2111;2192;1905;1581;1308;1176;1039;1153;1222;977;944;747;668;549;580;771;1039;1373;1970;2351;2923;2824;2890
D Energiforsyning;11025;Smittede;2;8;0;2;2;2;0;0;2;2;0;0;0;2;2;2;2;0;0;0;0;0;2;2;0;0;2;2;2;5;2;2;8;16;10;8;11;17;17;26;44;53;29;21;11;11;7;2;2;2;8;2;2;7;7;6;2;2;11;5;11;8;2;9;11;13;7;2;0;2;15;19;13;10;2;6;5;10;5;2;2;2;0;7;2;11;17;19;40;48;42;52
D Energiforsyning;11025;Positivpct;-;38.1;0;-;-;-;0;0;-;-;0;0;0;-;-;-;-;0;0;0;0;0;-;-;0;0;-;-;-;0.7;-;-;1.71;2.43;1.29;0.96;1.49;1.85;1.71;2.76;3.25;3.1;2.26;1.93;1.07;1.02;0.42;-;-;-;0.38;-;-;0.22;0.22;0.19;-;-;0.28;0.11;0.27;0.18;-;0.21;0.27;0.37;0.23;-;0;-;0.68;1;0.82;0.76;-;0.58;0.43;0.82;0.51;-;-;-;0;1.21;-;1.06;1.24;0.96;1.7;1.64;1.49;1.8
D Energiforsyning;11025;Incidens;-;72.56;0;-;-;-;0;0;-;-;0;0;0;-;-;-;-;0;0;0;0;0;-;-;0;0;-;-;-;45.35;-;-;72.56;145.12;90.7;72.56;99.77;154.2;154.2;235.83;399.09;480.73;263.04;190.48;99.77;99.77;63.49;-;-;-;72.56;-;-;63.49;63.49;54.42;-;-;99.77;45.35;99.77;72.56;-;81.63;99.77;117.91;63.49;-;0;-;136.05;172.34;117.91;90.7;-;54.42;45.35;90.7;45.35;-;-;-;0;63.49;-;99.77;154.2;172.34;362.81;435.37;380.95;471.66
E Vandforsyning og renovation;12399;Tests;2;2;6;16;39;48;50;115;136;112;128;133;135;120;181;196;189;181;147;144;204;227;241;348;402;367;368;556;640;570;490;444;464;528;702;707;818;918;775;874;1017;1285;976;867;913;1223;1921;1921;1910;1873;2030;2320;2516;2505;2517;2547;2402;2778;2820;2933;2882;3204;3338;3123;2755;2525;1986;1494;1289;1197;1183;1114;923;864;778;774;827;851;650;567;436;454;418;428;543;899;1286;1614;2227;2276;2521;2559
E Vandforsyning og renovation;12399;Smittede;0;2;2;5;2;2;2;2;2;0;0;0;0;0;2;2;2;0;0;0;0;0;0;2;0;0;2;2;6;6;6;2;7;2;11;9;20;19;14;18;26;40;36;20;18;12;14;6;8;2;7;7;13;6;5;9;6;7;6;8;10;10;17;6;10;10;6;2;2;6;6;11;8;5;11;9;2;5;2;6;2;5;6;5;2;18;27;16;41;50;53;55
E Vandforsyning og renovation;12399;Positivpct;0;-;-;31.25;-;-;-;-;-;0;0;0;0;0;-;-;-;0;0;0;0;0;0;-;0;0;-;-;0.94;1.05;1.22;-;1.51;-;1.57;1.27;2.44;2.07;1.81;2.06;2.56;3.11;3.69;2.31;1.97;0.98;0.73;0.31;0.42;-;0.34;0.3;0.52;0.24;0.2;0.35;0.25;0.25;0.21;0.27;0.35;0.31;0.51;0.19;0.36;0.4;0.3;-;-;0.5;0.51;0.99;0.87;0.58;1.41;1.16;-;0.59;-;1.06;-;1.1;1.44;1.17;-;2;2.1;0.99;1.84;2.2;2.1;2.15
E Vandforsyning og renovation;12399;Incidens;0;-;-;40.33;-;-;-;-;-;0;0;0;0;0;-;-;-;0;0;0;0;0;0;-;0;0;-;-;48.39;48.39;48.39;-;56.46;-;88.72;72.59;161.3;153.24;112.91;145.17;209.69;322.61;290.35;161.3;145.17;96.78;112.91;48.39;64.52;-;56.46;56.46;104.85;48.39;40.33;72.59;48.39;56.46;48.39;64.52;80.65;80.65;137.11;48.39;80.65;80.65;48.39;-;-;48.39;48.39;88.72;64.52;40.33;88.72;72.59;-;40.33;-;48.39;-;40.33;48.39;40.33;-;145.17;217.76;129.04;330.67;403.26;427.45;443.58
F Bygge og anlæg;182097;Tests;34;200;62;124;404;480;458;1123;1546;1254;1343;1610;1731;1468;1756;2195;2255;2045;1891;2150;2415;3052;3584;4575;4915;5016;5316;7145;8071;7863;7000;6724;6376;8715;10619;10109;11440;11495;10665;12029;15520;19696;15082;13912;14533;19261;26529;25413;26019;25796;27205;28991;31519;30555;30865;31230;32047;34186;35001;36537;34687;38604;38410;37378;33351;29238;23317;18221;16397;17381;19213;19343;16053;14025;11979;10889;11380;11474;9018;7686;6207;5617;5559;5899;8330;11908;16325;20797;26314;27850;30460;32551
F Bygge og anlæg;182097;Smittede;7;75;2;11;24;23;13;12;17;14;6;8;6;2;5;7;2;0;2;2;2;5;9;10;8;18;14;55;67;85;94;76;153;159;222;195;202;254;247;366;595;660;420;374;312;201;172;102;68;89;134;136;161;129;169;199;156;164;163;148;197;235;274;227;257;184;91;60;66;69;147;260;211;224;210;176;159;112;83;76;57;73;88;131;135;267;346;475;628;885;872;1043
F Bygge og anlæg;182097;Positivpct;20.59;37.5;-;8.87;5.94;4.79;2.84;1.07;1.1;1.12;0.45;0.5;0.35;-;0.28;0.32;-;0;-;-;-;0.16;0.25;0.22;0.16;0.36;0.26;0.77;0.83;1.08;1.34;1.13;2.4;1.82;2.09;1.93;1.77;2.21;2.32;3.04;3.83;3.35;2.78;2.69;2.15;1.04;0.65;0.4;0.26;0.35;0.49;0.47;0.51;0.42;0.55;0.64;0.49;0.48;0.47;0.41;0.57;0.61;0.71;0.61;0.77;0.63;0.39;0.33;0.4;0.4;0.77;1.34;1.31;1.6;1.75;1.62;1.4;0.98;0.92;0.99;0.92;1.3;1.58;2.22;1.62;2.24;2.12;2.28;2.39;3.18;2.86;3.2
F Bygge og anlæg;182097;Incidens;3.84;41.19;-;6.04;13.18;12.63;7.14;6.59;9.34;7.69;3.29;4.39;3.29;-;2.75;3.84;-;0;-;-;-;2.75;4.94;5.49;4.39;9.88;7.69;30.2;36.79;46.68;51.62;41.74;84.02;87.32;121.91;107.09;110.93;139.49;135.64;200.99;326.75;362.44;230.65;205.39;171.34;110.38;94.46;56.01;37.34;48.88;73.59;74.69;88.41;70.84;92.81;109.28;85.67;90.06;89.51;81.28;108.18;129.05;150.47;124.66;141.13;101.05;49.97;32.95;36.24;37.89;80.73;142.78;115.87;123.01;115.32;96.65;87.32;61.51;45.58;41.74;31.3;40.09;48.33;71.94;74.14;146.63;190.01;260.85;344.87;486;478.87;572.77
G Handel;443306;Tests;104;401;207;339;1129;1405;1377;3551;4385;3774;3937;5127;5403;4599;5892;7010;6896;6642;6318;7563;8582;10370;13330;17428;18991;19425;20349;27026;30692;30764;25412;22908;19036;27445;35310;33874;35144;35784;36545;42153;55715;69850;51980;48551;45648;49725;69231;70373;71308;71965;77271;88611;95721;98589;107736;101827;103894;113649;112120;117318;112764;125362;127581;122531;110666;99256;79727;62978;55540;65333;71301;67332;53546;46475;41483;37275;40066;41770;31731;27478;21839;18443;18069;19467;28045;35567;48481;62770;82993;88226;95273;97787
G Handel;443306;Smittede;5;118;22;36;88;87;68;102;60;40;44;35;24;14;16;8;20;7;10;23;19;36;51;73;49;58;121;205;365;375;282;251;284;617;683;566;638;711;765;1156;2083;2200;1422;1201;863;446;327;271;252;207;303;291;320;339;388;410;440;482;466;434;535;732;807;873;810;736;356;197;130;421;614;939;697;755;680;599;507;418;307;196;149;147;153;272;344;623;793;1057;1481;1930;2000;2328
G Handel;443306;Positivpct;4.81;29.43;10.63;10.62;7.79;6.19;4.94;2.87;1.37;1.06;1.12;0.68;0.44;0.3;0.27;0.11;0.29;0.11;0.16;0.3;0.22;0.35;0.38;0.42;0.26;0.3;0.59;0.76;1.19;1.22;1.11;1.1;1.49;2.25;1.93;1.67;1.82;1.99;2.09;2.74;3.74;3.15;2.74;2.47;1.89;0.9;0.47;0.39;0.35;0.29;0.39;0.33;0.33;0.34;0.36;0.4;0.42;0.42;0.42;0.37;0.47;0.58;0.63;0.71;0.73;0.74;0.45;0.31;0.23;0.64;0.86;1.39;1.3;1.62;1.64;1.61;1.27;1;0.97;0.71;0.68;0.8;0.85;1.4;1.23;1.75;1.64;1.68;1.78;2.19;2.1;2.38
G Handel;443306;Incidens;1.13;26.62;4.96;8.12;19.85;19.63;15.34;23.01;13.53;9.02;9.93;7.9;5.41;3.16;3.61;1.8;4.51;1.58;2.26;5.19;4.29;8.12;11.5;16.47;11.05;13.08;27.29;46.24;82.34;84.59;63.61;56.62;64.06;139.18;154.07;127.68;143.92;160.39;172.57;260.77;469.88;496.27;320.77;270.92;194.67;100.61;73.76;61.13;56.85;46.69;68.35;65.64;72.18;76.47;87.52;92.49;99.25;108.73;105.12;97.9;120.68;165.12;182.04;196.93;182.72;166.03;80.31;44.44;29.33;94.97;138.5;211.82;157.23;170.31;153.39;135.12;114.37;94.29;69.25;44.21;33.61;33.16;34.51;61.36;77.6;140.53;178.88;238.44;334.08;435.37;451.16;525.15
H Transport;128611;Tests;27;77;66;139;436;472;455;1059;1308;1072;1189;1480;1804;1501;1732;2193;2131;1936;1859;2254;2356;2899;3983;5427;5212;4913;5662;7333;7949;7358;6361;5884;4825;6732;8668;9189;9402;9175;8922;9558;11931;15382;11771;10572;11039;13220;17528;17811;18152;18588;20416;22940;24043;24563;25983;25965;25976;29466;29771;31245;29841;33608;33189;31635;28042;24820;20100;15814;14427;15289;15178;14197;12007;10844;10161;9446;10108;10636;8608;6812;5819;5180;5287;5452;7571;10126;13103;16694;20835;22491;24402;24611
H Transport;128611;Smittede;2;22;2;26;48;43;15;28;16;14;18;6;12;8;2;13;7;2;9;11;8;25;44;31;14;24;55;67;83;97;82;61;65;149;169;240;166;190;190;282;443;561;386;320;239;185;169;86;75;86;94;152;101;134;121;140;124;144;145;133;140;175;161;176;156;124;59;40;38;46;107;128;117;149;165;163;154;130;96;65;47;56;64;87;127;210;270;345;423;519;586;623
H Transport;128611;Positivpct;-;28.57;-;18.71;11.01;9.11;3.3;2.64;1.22;1.31;1.51;0.41;0.67;0.53;-;0.59;0.33;-;0.48;0.49;0.34;0.86;1.1;0.57;0.27;0.49;0.97;0.91;1.04;1.32;1.29;1.04;1.35;2.21;1.95;2.61;1.77;2.07;2.13;2.95;3.71;3.65;3.28;3.03;2.17;1.4;0.96;0.48;0.41;0.46;0.46;0.66;0.42;0.55;0.47;0.54;0.48;0.49;0.49;0.43;0.47;0.52;0.49;0.56;0.56;0.5;0.29;0.25;0.26;0.3;0.7;0.9;0.97;1.37;1.62;1.73;1.52;1.22;1.12;0.95;0.81;1.08;1.21;1.6;1.68;2.07;2.06;2.07;2.03;2.31;2.4;2.53
H Transport;128611;Incidens;-;17.11;-;20.22;37.32;33.43;11.66;21.77;12.44;10.89;14;4.67;9.33;6.22;-;10.11;5.44;-;7;8.55;6.22;19.44;34.21;24.1;10.89;18.66;42.76;52.1;64.54;75.42;63.76;47.43;50.54;115.85;131.4;186.61;129.07;147.73;147.73;219.27;344.45;436.2;300.13;248.81;185.83;143.84;131.4;66.87;58.32;66.87;73.09;118.19;78.53;104.19;94.08;108.86;96.41;111.97;112.74;103.41;108.86;136.07;125.18;136.85;121.3;96.41;45.87;31.1;29.55;35.77;83.2;99.52;90.97;115.85;128.29;126.74;119.74;101.08;74.64;50.54;36.54;43.54;49.76;67.65;98.75;163.28;209.94;268.25;328.9;403.54;455.64;484.41
I Hoteller og restauranter;121023;Tests;16;62;28;45;198;254;234;577;960;902;917;1190;1224;1096;1503;1677;1666;1853;1831;2128;2428;2898;4080;5285;5905;5567;5666;7641;9048;9215;7210;6348;5157;7897;9768;8462;8571;8826;9259;10008;14003;17174;11696;10718;9084;7548;9381;9520;9532;9999;10361;12220;13036;13484;14868;14484;15287;16886;17031;18604;17429;21514;21567;21527;18559;18744;14379;11283;10553;15051;17372;17471;13839;12736;10807;9213;9386;8982;7309;6123;4728;4005;4031;4695;7123;7957;11273;13688;17544;18544;18978;19617
I Hoteller og restauranter;121023;Smittede;2;7;2;2;7;17;10;13;8;11;9;6;6;6;8;6;2;2;6;2;5;16;29;38;29;23;42;66;130;138;75;80;78;211;214;180;192;262;264;338;721;682;364;241;186;120;94;57;48;46;55;72;54;83;92;125;121;140;134;117;197;323;377;386;320;298;138;103;62;184;284;464;314;346;274;264;145;164;107;76;37;45;50;85;75;191;276;371;503;578;582;705
I Hoteller og restauranter;121023;Positivpct;-;11.29;-;-;3.54;6.69;4.27;2.25;0.83;1.22;0.98;0.5;0.49;0.55;0.53;0.36;-;-;0.33;-;0.21;0.55;0.71;0.72;0.49;0.41;0.74;0.86;1.44;1.5;1.04;1.26;1.51;2.67;2.19;2.13;2.24;2.97;2.85;3.38;5.15;3.97;3.11;2.25;2.05;1.59;1;0.6;0.5;0.46;0.53;0.59;0.41;0.62;0.62;0.86;0.79;0.83;0.79;0.63;1.13;1.5;1.75;1.79;1.72;1.59;0.96;0.91;0.59;1.22;1.63;2.66;2.27;2.72;2.54;2.87;1.54;1.83;1.46;1.24;0.78;1.12;1.24;1.81;1.05;2.4;2.45;2.71;2.87;3.12;3.07;3.59
I Hoteller og restauranter;121023;Incidens;-;5.78;-;-;5.78;14.05;8.26;10.74;6.61;9.09;7.44;4.96;4.96;4.96;6.61;4.96;-;-;4.96;-;4.13;13.22;23.96;31.4;23.96;19;34.7;54.54;107.42;114.03;61.97;66.1;64.45;174.35;176.83;148.73;158.65;216.49;218.14;279.29;595.75;563.53;300.77;199.14;153.69;99.15;77.67;47.1;39.66;38.01;45.45;59.49;44.62;68.58;76.02;103.29;99.98;115.68;110.72;96.68;162.78;266.89;311.51;318.95;264.41;246.23;114.03;85.11;51.23;152.04;234.67;383.4;259.45;285.9;226.4;218.14;119.81;135.51;88.41;62.8;30.57;37.18;41.31;70.23;61.97;157.82;228.06;306.55;415.62;477.6;480.9;582.53
J Information og kommunikation;115689;Tests;54;90;52;101;305;419;448;1112;1286;1112;1291;1635;1785;1656;2358;2626;2587;2338;2374;2630;2870;3566;4493;5569;5386;5487;6325;7953;9096;8097;7101;6335;5492;7488;9165;9340;8649;8914;9907;11631;16121;20703;13723;12058;10422;10297;13096;13166;13778;14618;15825;18648;20741;20499;21131;23152;25570;27327;28091;30989;30745;34276;34633;33322;29952;27351;21728;17571;17498;20734;20934;19138;14755;12345;11300;10150;10657;11387;8920;7590;5903;5100;5479;5433;7762;10307;14480;17898;22762;24108;26763;27963
J Information og kommunikation;115689;Smittede;10;33;11;16;14;24;17;15;21;7;12;10;5;7;5;15;2;5;2;2;2;14;27;16;13;13;32;50;91;82;54;53;54;143;173;144;123;175;196;364;670;577;333;241;176;98;73;50;40;52;44;73;56;33;78;120;92;71;100;93;146;168;207;227;234;175;104;61;64;115;194;278;150;141;143;115;91;77;73;50;29;32;80;67;106;172;225;307;459;571;587;656
J Information og kommunikation;115689;Positivpct;18.52;36.67;21.15;15.84;4.59;5.73;3.79;1.35;1.63;0.63;0.93;0.61;0.28;0.42;0.21;0.57;-;0.21;-;-;-;0.39;0.6;0.29;0.24;0.24;0.51;0.63;1;1.01;0.76;0.84;0.98;1.91;1.89;1.54;1.42;1.96;1.98;3.13;4.16;2.79;2.43;2;1.69;0.95;0.56;0.38;0.29;0.36;0.28;0.39;0.27;0.16;0.37;0.52;0.36;0.26;0.36;0.3;0.47;0.49;0.6;0.68;0.78;0.64;0.48;0.35;0.37;0.55;0.93;1.45;1.02;1.14;1.27;1.13;0.85;0.68;0.82;0.66;0.49;0.63;1.46;1.23;1.37;1.67;1.55;1.72;2.02;2.37;2.19;2.35
J Information og kommunikation;115689;Incidens;8.64;28.52;9.51;13.83;12.1;20.75;14.69;12.97;18.15;6.05;10.37;8.64;4.32;6.05;4.32;12.97;-;4.32;-;-;-;12.1;23.34;13.83;11.24;11.24;27.66;43.22;78.66;70.88;46.68;45.81;46.68;123.61;149.54;124.47;106.32;151.27;169.42;314.64;579.14;498.75;287.84;208.32;152.13;84.71;63.1;43.22;34.58;44.95;38.03;63.1;48.41;28.52;67.42;103.73;79.52;61.37;86.44;80.39;126.2;145.22;178.93;196.22;202.27;151.27;89.9;52.73;55.32;99.4;167.69;240.3;129.66;121.88;123.61;99.4;78.66;66.56;63.1;43.22;25.07;27.66;69.15;57.91;91.62;148.67;194.49;265.37;396.75;493.56;507.39;567.04
K Finansiering og forsikring;84059;Tests;18;137;39;52;219;302;301;847;1042;879;949;1162;1283;1163;1468;1699;1641;1558;1617;2013;2100;2476;3069;3621;4062;4069;4534;5603;6345;6031;5095;4442;3750;5077;6232;6741;6534;6681;7403;8396;10978;14801;10734;9163;7569;8766;12153;12306;13188;13768;14818;16718;19188;19170;19592;21298;23359;26259;25652;28367;28082;31012;31670;29158;26907;23251;17859;14227;13454;15158;15311;14058;10999;9470;8649;7701;7963;8632;7078;5687;4621;3949;3857;4093;6120;8240;12251;15915;19768;21599;22924;23874
K Finansiering og forsikring;84059;Smittede;2;56;2;9;21;13;12;14;2;10;6;2;2;2;6;7;2;2;7;2;5;2;9;9;11;21;16;36;89;71;60;33;34;89;107;110;116;165;183;230;458;429;263;216;101;78;51;46;44;34;35;35;50;41;39;70;70;35;57;72;103;110;189;185;183;125;60;46;39;76;130;181;116;98;87;74;60;52;33;32;25;21;29;41;75;154;182;229;371;473;493;568
K Finansiering og forsikring;84059;Positivpct;-;40.88;-;17.31;9.59;4.3;3.99;1.65;-;1.14;0.63;-;-;-;0.41;0.41;-;-;0.43;-;0.24;-;0.29;0.25;0.27;0.52;0.35;0.64;1.4;1.18;1.18;0.74;0.91;1.75;1.72;1.63;1.78;2.47;2.47;2.74;4.17;2.9;2.45;2.36;1.33;0.89;0.42;0.37;0.33;0.25;0.24;0.21;0.26;0.21;0.2;0.33;0.3;0.13;0.22;0.25;0.37;0.35;0.6;0.63;0.68;0.54;0.34;0.32;0.29;0.5;0.85;1.29;1.05;1.03;1.01;0.96;0.75;0.6;0.47;0.56;0.54;0.53;0.75;1;1.23;1.87;1.49;1.44;1.88;2.19;2.15;2.38
K Finansiering og forsikring;84059;Incidens;-;66.62;-;10.71;24.98;15.47;14.28;16.65;-;11.9;7.14;-;-;-;7.14;8.33;-;-;8.33;-;5.95;-;10.71;10.71;13.09;24.98;19.03;42.83;105.88;84.46;71.38;39.26;40.45;105.88;127.29;130.86;138;196.29;217.7;273.62;544.86;510.36;312.88;256.96;120.15;92.79;60.67;54.72;52.34;40.45;41.64;41.64;59.48;48.78;46.4;83.27;83.27;41.64;67.81;85.65;122.53;130.86;224.84;220.08;217.7;148.71;71.38;54.72;46.4;90.41;154.65;215.32;138;116.58;103.5;88.03;71.38;61.86;39.26;38.07;29.74;24.98;34.5;48.78;89.22;183.2;216.51;272.43;441.36;562.7;586.49;675.72
L Ejendomshandel og udlejning;42307;Tests;5;32;20;41;136;117;164;417;489;446;487;473;622;516;645;715;724;708;695;734;804;1010;1429;1717;1756;1902;1934;2612;2776;2901;2475;2192;1788;2745;3668;3333;3438;3433;3266;3702;5108;6738;4875;4035;4180;5498;8789;9112;9636;9589;9902;11022;11834;11769;11859;11837;11211;13002;13235;13783;13056;14987;14368;13607;11802;10347;8152;6274;5774;6087;5958;5758;4501;4105;3471;3371;3678;3795;3200;2580;2142;1881;1890;2038;2654;3910;5820;7022;8939;9735;10745;11076
L Ejendomshandel og udlejning;42307;Smittede;0;9;2;7;11;7;6;5;2;2;0;2;2;2;2;2;2;0;2;2;2;5;2;7;7;2;5;11;23;29;22;22;18;54;54;46;38;63;57;100;181;215;125;113;73;34;48;31;31;32;21;23;30;37;22;34;45;37;34;39;33;58;49;59;55;36;20;17;17;26;50;67;38;47;40;36;34;23;26;19;15;10;19;19;24;55;96;97;148;222;208;268
L Ejendomshandel og udlejning;42307;Positivpct;0;28.13;-;17.07;8.09;5.98;3.66;1.2;-;-;0;-;-;-;-;-;-;0;-;-;-;0.5;-;0.41;0.4;-;0.26;0.42;0.83;1;0.89;1;1.01;1.97;1.47;1.38;1.11;1.84;1.75;2.7;3.54;3.19;2.56;2.8;1.75;0.62;0.55;0.34;0.32;0.33;0.21;0.21;0.25;0.31;0.19;0.29;0.4;0.28;0.26;0.28;0.25;0.39;0.34;0.43;0.47;0.35;0.25;0.27;0.29;0.43;0.84;1.16;0.84;1.14;1.15;1.07;0.92;0.61;0.81;0.74;0.7;0.53;1.01;0.93;0.9;1.41;1.65;1.38;1.66;2.28;1.94;2.42
L Ejendomshandel og udlejning;42307;Incidens;0;21.27;-;16.55;26;16.55;14.18;11.82;-;-;0;-;-;-;-;-;-;0;-;-;-;11.82;-;16.55;16.55;-;11.82;26;54.36;68.55;52;52;42.55;127.64;127.64;108.73;89.82;148.91;134.73;236.37;427.83;508.19;295.46;267.1;172.55;80.36;113.46;73.27;73.27;75.64;49.64;54.36;70.91;87.46;52;80.36;106.37;87.46;80.36;92.18;78;137.09;115.82;139.46;130;85.09;47.27;40.18;40.18;61.46;118.18;158.37;89.82;111.09;94.55;85.09;80.36;54.36;61.46;44.91;35.46;23.64;44.91;44.91;56.73;130;226.91;229.28;349.82;524.74;491.64;633.46
M Videnservice;159760;Tests;49;176;87;134;456;541;587;1586;1887;1597;1815;2111;2298;2210;2887;3265;3265;3422;3335;3495;3991;5115;5642;7229;7253;7317;8031;10459;11693;11129;9158;9165;7780;10621;12770;12633;12614;12403;13602;16079;22046;29074;19981;17863;15848;18990;27231;27962;30008;29963;31937;35115;39843;38755;38897;41090;41264;47417;48395;51800;50463;56410;55579;53189;48171;43033;35141;27985;26465;29806;30685;27762;21532;18283;16297;15021;15555;16308;13897;11037;9165;8077;7835;8134;11406;14727;20783;26024;33684;37372;41259;43188
M Videnservice;159760;Smittede;2;62;20;19;30;24;24;20;19;17;8;5;8;5;6;10;6;2;2;6;6;13;16;20;16;13;39;66;140;116;80;66;72;195;219;188;220;207;266;470;845;774;446;361;200;124;101;91;87;53;84;62;86;78;91;119;112;116;103;126;195;269;277;296;304;237;118;52;75;160;243;284;187;226;176;132;125;114;92;65;56;37;66;89;112;237;341;385;605;768;788;984
M Videnservice;159760;Positivpct;-;35.23;22.99;14.18;6.58;4.44;4.09;1.26;1.01;1.06;0.44;0.24;0.35;0.23;0.21;0.31;0.18;-;-;0.17;0.15;0.25;0.28;0.28;0.22;0.18;0.49;0.63;1.2;1.04;0.87;0.72;0.93;1.84;1.71;1.49;1.74;1.67;1.96;2.92;3.83;2.66;2.23;2.02;1.26;0.65;0.37;0.33;0.29;0.18;0.26;0.18;0.22;0.2;0.23;0.29;0.27;0.24;0.21;0.24;0.39;0.48;0.5;0.56;0.63;0.55;0.34;0.19;0.28;0.54;0.79;1.02;0.87;1.24;1.08;0.88;0.8;0.7;0.66;0.59;0.61;0.46;0.84;1.09;0.98;1.61;1.64;1.48;1.8;2.06;1.91;2.28
M Videnservice;159760;Incidens;-;38.81;12.52;11.89;18.78;15.02;15.02;12.52;11.89;10.64;5.01;3.13;5.01;3.13;3.76;6.26;3.76;-;-;3.76;3.76;8.14;10.02;12.52;10.02;8.14;24.41;41.31;87.63;72.61;50.08;41.31;45.07;122.06;137.08;117.68;137.71;129.57;166.5;294.19;528.92;484.48;279.17;225.96;125.19;77.62;63.22;56.96;54.46;33.17;52.58;38.81;53.83;48.82;56.96;74.49;70.11;72.61;64.47;78.87;122.06;168.38;173.39;185.28;190.29;148.35;73.86;32.55;46.95;100.15;152.1;177.77;117.05;141.46;110.17;82.62;78.24;71.36;57.59;40.69;35.05;23.16;41.31;55.71;70.11;148.35;213.45;240.99;378.69;480.72;493.24;615.92
N Rejsebureauer. rengøring og anden operationel service;161938;Tests;29;99;102;179;543;619;567;1421;1806;1661;1683;1844;2092;1692;2290;2500;2504;2369;2407;2662;2822;3482;4544;5964;6094;6039;6329;8352;9080;8969;7850;7413;6029;9013;10737;11436;11933;12035;11265;12064;16100;21216;15859;13890;15035;15893;20896;21062;21633;21658;22977;25327;27514;26544;27576;28710;28120;32377;33246;34895;33708;37201;36053;35024;31116;27742;22173;17812;16661;18711;19278;18538;14902;13684;12597;12169;12436;12435;10383;8763;7048;6303;6525;6863;9504;11925;16914;20653;26120;27556;29494;30893
N Rejsebureauer. rengøring og anden operationel service;161938;Smittede;2;30;9;21;39;38;30;33;22;16;17;18;9;5;2;5;2;5;5;10;15;15;28;27;24;14;52;76;104;120;88;68;87;210;266;234;260;287;241;304;645;789;533;406;390;232;195;141;119;98;147;159;160;150;179;167;157;166;179;184;204;222;223;216;230;170;89;59;60;94;175;298;215;256;228;253;218;208;144;104;59;83;114;134;156;273;413;449;576;781;766;856
N Rejsebureauer. rengøring og anden operationel service;161938;Positivpct;-;30.3;8.82;11.73;7.18;6.14;5.29;2.32;1.22;0.96;1.01;0.98;0.43;0.3;-;0.2;-;0.21;0.21;0.38;0.53;0.43;0.62;0.45;0.39;0.23;0.82;0.91;1.15;1.34;1.12;0.92;1.44;2.33;2.48;2.05;2.18;2.38;2.14;2.52;4.01;3.72;3.36;2.92;2.59;1.46;0.93;0.67;0.55;0.45;0.64;0.63;0.58;0.57;0.65;0.58;0.56;0.51;0.54;0.53;0.61;0.6;0.62;0.62;0.74;0.61;0.4;0.33;0.36;0.5;0.91;1.61;1.44;1.87;1.81;2.08;1.75;1.67;1.39;1.19;0.84;1.32;1.75;1.95;1.64;2.29;2.44;2.17;2.21;2.83;2.6;2.77
N Rejsebureauer. rengøring og anden operationel service;161938;Incidens;-;18.53;5.56;12.97;24.08;23.47;18.53;20.38;13.59;9.88;10.5;11.12;5.56;3.09;-;3.09;-;3.09;3.09;6.18;9.26;9.26;17.29;16.67;14.82;8.65;32.11;46.93;64.22;74.1;54.34;41.99;53.72;129.68;164.26;144.5;160.56;177.23;148.82;187.73;398.3;487.22;329.14;250.71;240.83;143.26;120.42;87.07;73.48;60.52;90.78;98.19;98.8;92.63;110.54;103.13;96.95;102.51;110.54;113.62;125.97;137.09;137.71;133.38;142.03;104.98;54.96;36.43;37.05;58.05;108.07;184.02;132.77;158.09;140.79;156.23;134.62;128.44;88.92;64.22;36.43;51.25;70.4;82.75;96.33;168.58;255.04;277.27;355.69;482.28;473.02;528.6
O Offentlig administration. forsvar og politi;202720;Tests;32;133;248;370;1223;1035;1103;3428;5404;5878;7563;4149;3643;2954;3754;4973;4837;4602;4411;4453;4714;5864;7574;8908;9922;9997;10752;14495;14725;15122;12896;12774;10482;14558;17606;19950;22449;22055;22033;22949;30102;39926;28496;24427;26014;28144;39837;41399;43621;43989;44022;50684;54729;54373;56456;57590;54768;61636;65259;67892;65529;74133;72927;68775;61280;55006;44587;35681;32087;35396;35814;32455;25900;22564;21655;21059;23540;23683;19447;16251;13154;11009;11016;12059;16370;21573;29905;39851;51877;54623;59808;60096
O Offentlig administration. forsvar og politi;202720;Smittede;2;34;14;36;117;56;47;48;40;21;13;14;7;14;5;15;7;7;5;14;5;13;24;21;18;21;53;79;125;141;98;72;88;178;242;272;307;329;368;518;941;997;625;555;412;267;229;120;93;85;112;124;118;146;148;174;154;164;193;147;195;270;256;307;355;292;132;58;51;125;199;302;202;245;207;209;199;144;128;96;64;74;80;112;142;324;417;534;757;1002;1036;1181
O Offentlig administration. forsvar og politi;202720;Positivpct;-;25.56;5.65;9.73;9.57;5.41;4.26;1.4;0.74;0.36;0.17;0.34;0.19;0.47;0.13;0.3;0.14;0.15;0.11;0.31;0.11;0.22;0.32;0.24;0.18;0.21;0.49;0.55;0.85;0.93;0.76;0.56;0.84;1.22;1.37;1.36;1.37;1.49;1.67;2.26;3.13;2.5;2.19;2.27;1.58;0.95;0.57;0.29;0.21;0.19;0.25;0.24;0.22;0.27;0.26;0.3;0.28;0.27;0.3;0.22;0.3;0.36;0.35;0.45;0.58;0.53;0.3;0.16;0.16;0.35;0.56;0.93;0.78;1.09;0.96;0.99;0.85;0.61;0.66;0.59;0.49;0.67;0.73;0.93;0.87;1.5;1.39;1.34;1.46;1.83;1.73;1.97
O Offentlig administration. forsvar og politi;202720;Incidens;-;16.77;6.91;17.76;57.72;27.62;23.18;23.68;19.73;10.36;6.41;6.91;3.45;6.91;2.47;7.4;3.45;3.45;2.47;6.91;2.47;6.41;11.84;10.36;8.88;10.36;26.14;38.97;61.66;69.55;48.34;35.52;43.41;87.81;119.38;134.18;151.44;162.29;181.53;255.52;464.19;491.81;308.31;273.78;203.24;131.71;112.96;59.19;45.88;41.93;55.25;61.17;58.21;72.02;73.01;85.83;75.97;80.9;95.21;72.51;96.19;133.19;126.28;151.44;175.12;144.04;65.11;28.61;25.16;61.66;98.16;148.97;99.64;120.86;102.11;103.1;98.16;71.03;63.14;47.36;31.57;36.5;39.46;55.25;70.05;159.83;205.7;263.42;373.42;494.28;511.05;582.58
P Undervisning;210457;Tests;34;135;102;222;767;1130;1402;3420;4723;3586;3660;3676;3980;3125;4388;5190;5169;4240;3578;3748;4278;5814;7542;9893;11749;12010;13656;18247;18382;17791;15495;15583;11247;16121;23707;24715;24965;26497;27133;30204;38890;49445;32367;23093;22067;26157;36583;36240;45577;46886;44116;55105;62158;64402;64360;61219;59656;69335;65204;62097;59850;62348;67821;57274;52848;47017;36312;28455;26055;36634;34021;29067;22923;19615;18970;19057;23804;24774;19178;14422;11562;11053;11357;12735;19160;22268;30519;44307;56654;60480;62671;61850
P Undervisning;210457;Smittede;2;25;16;44;50;38;33;41;29;17;10;14;7;10;6;21;6;2;7;8;6;17;22;19;14;22;52;93;140;172;122;101;123;243;357;341;373;420;481;763;1280;1310;786;505;291;171;120;95;103;73;110;124;103;126;167;188;196;161;208;212;239;279;398;293;287;289;116;58;46;101;184;249;202;188;210;237;193;182;115;105;60;87;110;142;188;368;494;678;1086;1317;1290;1517
P Undervisning;210457;Positivpct;-;18.52;15.69;19.82;6.52;3.36;2.35;1.2;0.61;0.47;0.27;0.38;0.18;0.32;0.14;0.4;0.12;-;0.2;0.21;0.14;0.29;0.29;0.19;0.12;0.18;0.38;0.51;0.76;0.97;0.79;0.65;1.09;1.51;1.51;1.38;1.49;1.59;1.77;2.53;3.29;2.65;2.43;2.19;1.32;0.65;0.33;0.26;0.23;0.16;0.25;0.23;0.17;0.2;0.26;0.31;0.33;0.23;0.32;0.34;0.4;0.45;0.59;0.51;0.54;0.61;0.32;0.2;0.18;0.28;0.54;0.86;0.88;0.96;1.11;1.24;0.81;0.73;0.6;0.73;0.52;0.79;0.97;1.12;0.98;1.65;1.62;1.53;1.92;2.18;2.06;2.45
P Undervisning;210457;Incidens;-;11.88;7.6;20.91;23.76;18.06;15.68;19.48;13.78;8.08;4.75;6.65;3.33;4.75;2.85;9.98;2.85;-;3.33;3.8;2.85;8.08;10.45;9.03;6.65;10.45;24.71;44.19;66.52;81.73;57.97;47.99;58.44;115.46;169.63;162.03;177.23;199.57;228.55;362.54;608.2;622.45;373.47;239.95;138.27;81.25;57.02;45.14;48.94;34.69;52.27;58.92;48.94;59.87;79.35;89.33;93.13;76.5;98.83;100.73;113.56;132.57;189.11;139.22;136.37;137.32;55.12;27.56;21.86;47.99;87.43;118.31;95.98;89.33;99.78;112.61;91.71;86.48;54.64;49.89;28.51;41.34;52.27;67.47;89.33;174.86;234.73;322.16;516.02;625.78;612.95;720.81
Q Sundhed og socialvæsen;499716;Tests;115;731;2229;2992;9862;7367;6916;23821;30009;23477;19056;15750;12771;10171;12360;15414;14549;12977;13031;12968;12815;14864;20834;26322;29086;28709;32386;46036;49708;54913;49241;50204;37990;58109;73485;87699;87507;93724;92494;104491;138290;175849;146164;115096;139900;156846;203473;215254;221195;220137;208721;226693;239790;233099;238565;241100;192882;223638;242636;240080;215728;233752;208905;203998;157548;142756;113175;91094;80638;87725;88189;82860;69300;63105;61050;62821;69586;73869;61190;52775;44169;42653;42675;47734;61036;75637;102995;131076;170575;192321;209508;216974
Q Sundhed og socialvæsen;499716;Smittede;7;79;141;305;881;613;457;413;321;199;116;92;73;47;52;50;17;19;28;32;28;30;73;73;59;58;153;288;396;422;288;285;310;591;880;938;1001;966;1047;1592;2981;3589;2787;2535;2137;1469;1044;622;462;428;375;385;347;370;368;438;336;382;429;386;470;491;511;512;507;377;181;120;82;193;382;576;460;546;595;643;588;569;507;339;212;258;290;369;604;942;1239;1419;2010;2432;2375;2715
Q Sundhed og socialvæsen;499716;Positivpct;6.09;10.81;6.33;10.19;8.93;8.32;6.61;1.73;1.07;0.85;0.61;0.58;0.57;0.46;0.42;0.32;0.12;0.15;0.21;0.25;0.22;0.2;0.35;0.28;0.2;0.2;0.47;0.63;0.8;0.77;0.58;0.57;0.82;1.02;1.2;1.07;1.14;1.03;1.13;1.52;2.16;2.04;1.91;2.2;1.53;0.94;0.51;0.29;0.21;0.19;0.18;0.17;0.14;0.16;0.15;0.18;0.17;0.17;0.18;0.16;0.22;0.21;0.24;0.25;0.32;0.26;0.16;0.13;0.1;0.22;0.43;0.7;0.66;0.87;0.97;1.02;0.84;0.77;0.83;0.64;0.48;0.6;0.68;0.77;0.99;1.25;1.2;1.08;1.18;1.26;1.13;1.25
Q Sundhed og socialvæsen;499716;Incidens;1.4;15.81;28.22;61.03;176.3;122.67;91.45;82.65;64.24;39.82;23.21;18.41;14.61;9.41;10.41;10.01;3.4;3.8;5.6;6.4;5.6;6;14.61;14.61;11.81;11.61;30.62;57.63;79.25;84.45;57.63;57.03;62.04;118.27;176.1;187.71;200.31;193.31;209.52;318.58;596.54;718.21;557.72;507.29;427.64;293.97;208.92;124.47;92.45;85.65;75.04;77.04;69.44;74.04;73.64;87.65;67.24;76.44;85.85;77.24;94.05;98.26;102.26;102.46;101.46;75.44;36.22;24.01;16.41;38.62;76.44;115.27;92.05;109.26;119.07;128.67;117.67;113.86;101.46;67.84;42.42;51.63;58.03;73.84;120.87;188.51;247.94;283.96;402.23;486.68;475.27;543.31
R Kultur og fritid;55216;Tests;14;32;22;48;113;170;148;445;591;481;607;713;762;718;946;1130;1049;1093;1333;1247;1267;1747;2670;2805;3128;3197;3524;4641;5130;4890;4193;3918;2995;4565;5609;5089;5351;5366;5528;6483;8888;10464;6769;6151;5233;5049;6471;6585;6855;6954;7592;8704;10224;10238;10878;11154;11741;12878;13441;14596;13891;16732;16795;15471;14137;12841;10215;8263;7299;8799;9212;8531;7022;6257;5498;4988;4835;5165;4202;3323;2766;2327;2416;2574;3808;5027;7067;8988;11286;12005;12209;12599
R Kultur og fritid;55216;Smittede;0;2;2;6;8;12;5;6;6;2;2;2;0;2;0;2;2;0;2;2;2;2;5;8;11;7;18;21;45;62;34;21;36;68;94;95;90;95;126;207;330;308;183;122;77;48;25;31;20;14;19;21;28;19;33;36;45;33;39;37;56;69;109;107;122;102;48;34;21;54;78;122;83;92;80;64;38;35;29;19;18;15;14;25;41;86;142;158;247;277;257;307
R Kultur og fritid;55216;Positivpct;0;-;-;12.5;7.08;7.06;3.38;1.35;1.02;-;-;-;0;-;0;-;-;0;-;-;-;-;0.19;0.29;0.35;0.22;0.51;0.45;0.88;1.27;0.81;0.54;1.2;1.49;1.68;1.87;1.68;1.77;2.28;3.19;3.71;2.94;2.7;1.98;1.47;0.95;0.39;0.47;0.29;0.2;0.25;0.24;0.27;0.19;0.3;0.32;0.38;0.26;0.29;0.25;0.4;0.41;0.65;0.69;0.86;0.79;0.47;0.41;0.29;0.61;0.85;1.43;1.18;1.47;1.46;1.28;0.79;0.68;0.69;0.57;0.65;0.64;0.58;0.97;1.08;1.71;2.01;1.76;2.19;2.31;2.11;2.44
R Kultur og fritid;55216;Incidens;0;-;-;10.87;14.49;21.73;9.06;10.87;10.87;-;-;-;0;-;0;-;-;0;-;-;-;-;9.06;14.49;19.92;12.68;32.6;38.03;81.5;112.29;61.58;38.03;65.2;123.15;170.24;172.05;163;172.05;228.19;374.89;597.65;557.81;331.43;220.95;139.45;86.93;45.28;56.14;36.22;25.35;34.41;38.03;50.71;34.41;59.77;65.2;81.5;59.77;70.63;67.01;101.42;124.96;197.41;193.78;220.95;184.73;86.93;61.58;38.03;97.8;141.26;220.95;150.32;166.62;144.89;115.91;68.82;63.39;52.52;34.41;32.6;27.17;25.35;45.28;74.25;155.75;257.17;286.15;447.33;501.67;465.44;556
S Andre serviceydelser  mv;60756;Tests;2;35;37;69;277;314;278;734;881;690;789;794;914;839;1202;1260;1274;1138;1130;1184;1338;1778;1967;2496;2667;2633;3069;4127;4847;4437;3504;3853;3082;4022;5223;5232;5137;5526;5716;6264;8506;10917;7860;6294;5552;6554;8667;8953;9044;9414;10130;11940;13127;12967;13124;13923;15357;17339;17510;18289;17510;19083;19115;17811;15816;13536;10653;8260;7495;8520;8761;7951;6514;5771;5011;4652;5180;5511;4559;3745;2895;2726;2839;3406;4399;5812;8446;10289;13141;14144;15029;15022
S Andre serviceydelser  mv;60756;Smittede;0;8;7;5;21;22;9;5;2;6;2;6;5;2;2;2;2;0;2;2;2;2;7;7;5;6;12;36;64;44;26;54;44;115;101;74;78;109;108;150;346;362;208;150;105;49;35;31;27;21;17;36;32;26;34;57;45;47;62;67;75;88;119;99;104;61;39;18;19;49;62;90;55;76;57;63;62;44;41;31;14;31;44;57;42;97;144;174;248;302;338;374
S Andre serviceydelser  mv;60756;Positivpct;0;22.86;18.92;7.25;7.58;7.01;3.24;0.68;-;0.87;-;0.76;0.55;-;-;-;-;0;-;-;-;-;0.36;0.28;0.19;0.23;0.39;0.87;1.32;0.99;0.74;1.4;1.43;2.86;1.93;1.41;1.52;1.97;1.89;2.39;4.07;3.32;2.65;2.38;1.89;0.75;0.4;0.35;0.3;0.22;0.17;0.3;0.24;0.2;0.26;0.41;0.29;0.27;0.35;0.37;0.43;0.46;0.62;0.56;0.66;0.45;0.37;0.22;0.25;0.58;0.71;1.13;0.84;1.32;1.14;1.35;1.2;0.8;0.9;0.83;0.48;1.14;1.55;1.67;0.95;1.67;1.7;1.69;1.89;2.14;2.25;2.49
S Andre serviceydelser  mv;60756;Incidens;0;13.17;11.52;8.23;34.56;36.21;14.81;8.23;-;9.88;-;9.88;8.23;-;-;-;-;0;-;-;-;-;11.52;11.52;8.23;9.88;19.75;59.25;105.34;72.42;42.79;88.88;72.42;189.28;166.24;121.8;128.38;179.41;177.76;246.89;569.49;595.83;342.35;246.89;172.82;80.65;57.61;51.02;44.44;34.56;27.98;59.25;52.67;42.79;55.96;93.82;74.07;77.36;102.05;110.28;123.44;144.84;195.87;162.95;171.18;100.4;64.19;29.63;31.27;80.65;102.05;148.13;90.53;125.09;93.82;103.69;102.05;72.42;67.48;51.02;23.04;51.02;72.42;93.82;69.13;159.66;237.01;286.39;408.19;497.07;556.32;615.58
X Uoplyst aktivitet;45362;Tests;2;33;32;42;141;153;152;389;517;390;436;508;574;488;678;771;747;708;752;785;940;1065;1635;2010;1981;1822;1998;2613;2921;2881;2634;2471;2109;2718;3551;3697;3628;3608;3519;3729;5122;7421;5136;4552;4577;5137;6757;6816;7096;7247;7498;8280;9131;8999;9438;9972;9806;11608;12039;12312;11900;12718;12837;12123;10666;9913;8116;6397;5831;6856;7192;6729;5341;4785;4259;3815;3854;3814;3184;2674;2208;1935;1902;2101;2815;3587;5037;6387;7940;8378;9126;9512
X Uoplyst aktivitet;45362;Smittede;0;7;0;2;7;10;7;2;2;2;2;2;2;2;2;2;2;2;2;2;2;2;13;16;6;2;11;22;27;30;35;15;23;37;75;47;57;78;83;92;164;196;108;84;80;31;20;15;19;24;12;27;30;29;33;38;25;39;32;38;41;40;74;66;49;53;32;17;14;38;56;72;60;84;59;54;40;27;34;19;11;12;19;26;27;57;69;88;143;168;215;222
X Uoplyst aktivitet;45362;Positivpct;0;21.21;0;-;4.96;6.54;4.61;-;-;-;-;-;-;-;-;-;-;-;-;-;-;-;0.8;0.8;0.3;-;0.55;0.84;0.92;1.04;1.33;0.61;1.09;1.36;2.11;1.27;1.57;2.16;2.36;2.47;3.2;2.64;2.1;1.85;1.75;0.6;0.3;0.22;0.27;0.33;0.16;0.33;0.33;0.32;0.35;0.38;0.25;0.34;0.27;0.31;0.34;0.31;0.58;0.54;0.46;0.53;0.39;0.27;0.24;0.55;0.78;1.07;1.12;1.76;1.39;1.42;1.04;0.71;1.07;0.71;0.5;0.62;1;1.24;0.96;1.59;1.37;1.38;1.8;2.01;2.36;2.33
X Uoplyst aktivitet;45362;Incidens;0;15.43;0;-;15.43;22.04;15.43;-;-;-;-;-;-;-;-;-;-;-;-;-;-;-;28.66;35.27;13.23;-;24.25;48.5;59.52;66.13;77.16;33.07;50.7;81.57;165.34;103.61;125.66;171.95;182.97;202.81;361.54;432.08;238.08;185.18;176.36;68.34;44.09;33.07;41.89;52.91;26.45;59.52;66.13;63.93;72.75;83.77;55.11;85.98;70.54;83.77;90.38;88.18;163.13;145.5;108.02;116.84;70.54;37.48;30.86;83.77;123.45;158.72;132.27;185.18;130.06;119.04;88.18;59.52;74.95;41.89;24.25;26.45;41.89;57.32;59.52;125.66;152.11;193.99;315.24;370.35;473.96;489.4
z1 Selvforsørgende 18-65 år;303406;Tests;62;278;347;387;982;1086;959;2401;2714;2360;2472;3568;4173;2784;3609;4232;4087;4514;4583;5074;5701;6746;7912;9505;9879;9980;9140;11401;12451;12644;11686;11096;9854;12930;14572;14930;15798;15659;15640;17186;22734;28905;22675;19846;20036;20490;24124;23608;23654;23946;25800;30457;30944;32617;32306;33654;36774;41713;40307;43094;41272;45208;45569;42973;37195;32161;25053;20345;19505;27131;31536;28592;23077;20483;18787;17640;18251;19203;16226;13505;10758;9513;9699;10268;14913;18270;24513;30052;38638;40615;42660;43797
z1 Selvforsørgende 18-65 år;303406;Smittede;8;69;27;42;66;64;31;47;36;27;20;23;9;9;17;15;12;11;7;19;18;20;45;77;54;52;70;84;125;162;130;113;219;283;329;308;367;413;376;467;834;953;707;558;396;268;205;141;123;109;142;148;148;183;189;250;198;249;277;229;290;318;296;297;299;237;121;98;83;188;354;505;395;442;427;403;353;284;225;190;114;110;141;190;242;449;605;719;1044;1303;1236;1530
z1 Selvforsørgende 18-65 år;303406;Positivpct;12.9;24.82;7.78;10.85;6.72;5.89;3.23;1.96;1.33;1.14;0.81;0.64;0.22;0.32;0.47;0.35;0.29;0.24;0.15;0.37;0.32;0.3;0.57;0.81;0.55;0.52;0.77;0.74;1;1.28;1.11;1.02;2.22;2.19;2.26;2.06;2.32;2.64;2.4;2.72;3.67;3.3;3.12;2.81;1.98;1.31;0.85;0.6;0.52;0.46;0.55;0.49;0.48;0.56;0.59;0.74;0.54;0.6;0.69;0.53;0.7;0.7;0.65;0.69;0.8;0.74;0.48;0.48;0.43;0.69;1.12;1.77;1.71;2.16;2.27;2.28;1.93;1.48;1.39;1.41;1.06;1.16;1.45;1.85;1.62;2.46;2.47;2.39;2.7;3.21;2.9;3.49
z1 Selvforsørgende 18-65 år;303406;Incidens;2.64;22.74;8.9;13.84;21.75;21.09;10.22;15.49;11.87;8.9;6.59;7.58;2.97;2.97;5.6;4.94;3.96;3.63;2.31;6.26;5.93;6.59;14.83;25.38;17.8;17.14;23.07;27.69;41.2;53.39;42.85;37.24;72.18;93.27;108.44;101.51;120.96;136.12;123.93;153.92;274.88;314.1;233.02;183.91;130.52;88.33;67.57;46.47;40.54;35.93;46.8;48.78;48.78;60.32;62.29;82.4;65.26;82.07;91.3;75.48;95.58;104.81;97.56;97.89;98.55;78.11;39.88;32.3;27.36;61.96;116.68;166.44;130.19;145.68;140.74;132.83;116.35;93.6;74.16;62.62;37.57;36.26;46.47;62.62;79.76;147.99;199.4;236.98;344.09;429.46;407.37;504.27
z2 Ydelsesmodtagere 18-65 år;661393;Tests;102;682;1129;1540;4116;4488;4077;9692;12444;11154;11408;12897;13689;11689;14301;15580;15775;14896;14169;14693;15602;17517;23739;30357;31066;30999;32332;40443;42724;43416;39001;37154;30025;41327;50889;52517;54155;51787;52369;56286;72614;94560;63276;61290;67026;55514;60420;60604;59509;61283;67193;80847;85867;87796;95683;94639;97104;106444;107102;111420;103354;110928;108903;105689;90954;81550;66186;55908;52924;57885;57372;54170;46614;42551;37181;37290;39026;40101;33966;29433;23779;20900;20700;21621;28433;38117;50776;60215;75415;76682;82205;83258
z2 Ydelsesmodtagere 18-65 år;661393;Smittede;10;52;45;120;206;171;99;125;94;76;40;43;38;31;33;42;18;18;34;47;53;95;220;216;136;116;251;295;465;502;404;352;458;854;993;1080;934;968;1004;1529;2433;2748;1809;1733;1610;854;656;465;456;375;515;579;544;635;764;775;661;745;811;660;723;874;914;946;849;712;415;209;165;300;567;880;650;848;880;967;933;771;531;392;245;239;318;350;460;823;1175;1366;1865;2223;2354;2500
z2 Ydelsesmodtagere 18-65 år;661393;Positivpct;9.8;7.62;3.99;7.79;5;3.81;2.43;1.29;0.76;0.68;0.35;0.33;0.28;0.27;0.23;0.27;0.11;0.12;0.24;0.32;0.34;0.54;0.93;0.71;0.44;0.37;0.78;0.73;1.09;1.16;1.04;0.95;1.53;2.07;1.95;2.06;1.72;1.87;1.92;2.72;3.35;2.91;2.86;2.83;2.4;1.54;1.09;0.77;0.77;0.61;0.77;0.72;0.63;0.72;0.8;0.82;0.68;0.7;0.76;0.59;0.7;0.79;0.84;0.9;0.93;0.87;0.63;0.37;0.31;0.52;0.99;1.62;1.39;1.99;2.37;2.59;2.39;1.92;1.56;1.33;1.03;1.14;1.54;1.62;1.62;2.16;2.31;2.27;2.47;2.9;2.86;3
z2 Ydelsesmodtagere 18-65 år;661393;Incidens;1.51;7.86;6.8;18.14;31.15;25.85;14.97;18.9;14.21;11.49;6.05;6.5;5.75;4.69;4.99;6.35;2.72;2.72;5.14;7.11;8.01;14.36;33.26;32.66;20.56;17.54;37.95;44.6;70.31;75.9;61.08;53.22;69.25;129.12;150.14;163.29;141.22;146.36;151.8;231.18;367.86;415.49;273.51;262.02;243.43;129.12;99.18;70.31;68.95;56.7;77.87;87.54;82.25;96.01;115.51;117.18;99.94;112.64;122.62;99.79;109.31;132.15;138.19;143.03;128.37;107.65;62.75;31.6;24.95;45.36;85.73;133.05;98.28;128.21;133.05;146.21;141.07;116.57;80.29;59.27;37.04;36.14;48.08;52.92;69.55;124.43;177.66;206.53;281.98;336.11;355.92;377.99
z3 Under 18 år;1039125;Tests;174;531;527;485;1406;1976;2482;7259;9345;6957;7944;6877;8024;7451;13445;18003;16884;10843;8638;9300;8932;10725;16825;24390;42693;45481;45324;55425;55099;50680;42655;41664;28946;42505;77787;85141;87070;92678;92083;100400;122585;141745;97521;55143;50601;47075;51661;50066;55184;65549;73904;96514;106063;144985;174732;158113;158536;133561;129058;132339;129934;130686;147302;119298;116852;109214;82656;64563;66655;90279;91836;86273;68633;58263;64527;67526;105741;120742;82828;55547;41967;40793;43102;51796;80619;72576;95165;168587;216396;245772;253009;247418
z3 Under 18 år;1039125;Smittede;2;21;2;11;41;63;45;74;109;79;51;46;30;33;34;40;26;15;18;31;28;41;133;143;119;68;160;373;362;548;458;402;409;832;1337;1386;1312;1507;1554;2425;3555;4054;2893;1979;1570;950;730;578;475;499;714;773;805;865;1085;1115;887;807;1119;1111;999;1120;1355;1058;1038;1073;461;281;189;266;484;734;805;1059;1377;1906;2450;2335;1509;1011;704;816;982;1318;1435;1932;2786;5018;7194;8651;9097;10031
z3 Under 18 år;1039125;Positivpct;-;3.95;-;2.27;2.92;3.19;1.81;1.02;1.17;1.14;0.64;0.67;0.37;0.44;0.25;0.22;0.15;0.14;0.21;0.33;0.31;0.38;0.79;0.59;0.28;0.15;0.35;0.67;0.66;1.08;1.07;0.96;1.41;1.96;1.72;1.63;1.51;1.63;1.69;2.42;2.9;2.86;2.97;3.59;3.1;2.02;1.41;1.15;0.86;0.76;0.97;0.8;0.76;0.6;0.62;0.71;0.56;0.6;0.87;0.84;0.77;0.86;0.92;0.89;0.89;0.98;0.56;0.44;0.28;0.29;0.53;0.85;1.17;1.82;2.13;2.82;2.32;1.93;1.82;1.82;1.68;2;2.28;2.54;1.78;2.66;2.93;2.98;3.32;3.52;3.6;4.05
z3 Under 18 år;1039125;Incidens;-;2.02;-;1.06;3.95;6.06;4.33;7.12;10.49;7.6;4.91;4.43;2.89;3.18;3.27;3.85;2.5;1.44;1.73;2.98;2.69;3.95;12.8;13.76;11.45;6.54;15.4;35.9;34.84;52.74;44.08;38.69;39.36;80.07;128.67;133.38;126.26;145.03;149.55;233.37;342.11;390.14;278.41;190.45;151.09;91.42;70.25;55.62;45.71;48.02;68.71;74.39;77.47;83.24;104.41;107.3;85.36;77.66;107.69;106.92;96.14;107.78;130.4;101.82;99.89;103.26;44.36;27.04;18.19;25.6;46.58;70.64;77.47;101.91;132.52;183.42;235.78;224.71;145.22;97.29;67.75;78.53;94.5;126.84;138.1;185.93;268.11;482.91;692.31;832.53;875.45;965.33
z4 Over 65 år;1039539;Tests;45;1024;2311;3082;6021;5359;5750;13194;16764;16151;16629;14761;19042;16232;17027;18138;21268;20777;19310;18506;18919;23047;25219;29928;26664;26244;25672;31985;35294;35594;33778;31187;28519;36352;42220;46310;57143;56230;54403;50565;54401;74830;58233;56921;65370;66313;69222;64991;60105;58389;65392;81820;85123;77025;77752;83587;95180;116220;95740;90383;78062;88675;78660;62735;35681;31249;22438;17198;16207;17678;19539;19149;17823;19125;19530;21581;22940;26640;25384;24899;21925;21126;22424;22730;27216;58018;72007;80252;96911;90147;93615;91049
z4 Over 65 år;1039539;Smittede;5;58;213;390;438;267;218;255;144;91;59;43;56;37;47;36;43;17;12;28;25;29;44;42;23;38;80;190;230;255;197;240;309;386;501;498;518;653;681;852;1461;2196;1819;2069;1549;1053;732;473;397;241;239;262;237;191;222;264;263;264;199;193;199;219;177;128;86;74;41;30;15;24;52;74;95;108;150;191;254;282;247;223;164;247;222;314;455;995;1247;1403;1821;2249;2379;2183
z4 Over 65 år;1039539;Positivpct;11.11;5.66;9.22;12.65;7.27;4.98;3.79;1.93;0.86;0.56;0.35;0.29;0.29;0.23;0.28;0.2;0.2;0.08;0.06;0.15;0.13;0.13;0.17;0.14;0.09;0.14;0.31;0.59;0.65;0.72;0.58;0.77;1.08;1.06;1.19;1.08;0.91;1.16;1.25;1.68;2.69;2.93;3.12;3.63;2.37;1.59;1.06;0.73;0.66;0.41;0.37;0.32;0.28;0.25;0.29;0.32;0.28;0.23;0.21;0.21;0.25;0.25;0.23;0.2;0.24;0.24;0.18;0.17;0.09;0.14;0.27;0.39;0.53;0.56;0.77;0.89;1.11;1.06;0.97;0.9;0.75;1.17;0.99;1.38;1.67;1.71;1.73;1.75;1.88;2.49;2.54;2.4
z4 Over 65 år;1039539;Incidens;0.48;5.58;20.49;37.52;42.13;25.68;20.97;24.53;13.85;8.75;5.68;4.14;5.39;3.56;4.52;3.46;4.14;1.64;1.15;2.69;2.4;2.79;4.23;4.04;2.21;3.66;7.7;18.28;22.13;24.53;18.95;23.09;29.72;37.13;48.19;47.91;49.83;62.82;65.51;81.96;140.54;211.25;174.98;199.03;149.01;101.29;70.42;45.5;38.19;23.18;22.99;25.2;22.8;18.37;21.36;25.4;25.3;25.4;19.14;18.57;19.14;21.07;17.03;12.31;8.27;7.12;3.94;2.89;1.44;2.31;5;7.12;9.14;10.39;14.43;18.37;24.43;27.13;23.76;21.45;15.78;23.76;21.36;30.21;43.77;95.72;119.96;134.96;175.17;216.35;228.85;210
Kilde:      Statens Seruminstituts liste over COVID-19-testede. DREAM og CPR-registeret. Sundhedsdatastyrelsen;;;;;;;;;;;;;;;;;;;;;;;;;;;;;;;;;;;;;;;;;;;;;;;;;;;;;;;;;;;;;;;;;;;;;;;;;;;;;;;;;;;;;;;;;;;;;;
"Note:      Personerne i tabellen placeres først efter branchetilknytning. derefter efter aldersgruppe og til slut efter ydelse 
                   Brancheinddelingen følger Danmarks Statistiks ”Dansk Branchekode DB07. v3:2014-. 19 gruppering”
                   *Sundhed- og socialvæsen indeholder flere brancher end der indgår i den særskilte opgørelse COVID-19 og ansatte inden 
                      for social- og sundhedsvæsenet Som følge heraf er antal højere i nærværende opgørelse 
                    Incidensen angiver antal smittede pr 100000 personer i gruppen";;;;;;;;;;;;;;;;;;;;;;;;;;;;;;;;;;;;;;;;;;;;;;;;;;;;;;;;;;;;;;;;;;;;;;;;;;;;;;;;;;;;;;;;;;;;;;
